ID,분류,부품/형상 그룹,전체 수량,단위,수량 기준,참조,상태,모델 파일
lidtop,하우징·체결,뚜껑 상판 · 알루미늄 2mm,1,개,전체 팩 기준; 혼합 체결부는 세트 단위,자체 형상,설계 초안,models/pack-lidtop.stl
lidlocating,하우징·체결,뚜껑 외측 겹침벽,4,개,전체 팩 기준; 혼합 체결부는 세트 단위,자체 형상,설계 초안,models/pack-lidlocating.stl
lidbolts,하우징·체결,뚜껑 측면 M5 볼트,8,개,전체 팩 기준; 혼합 체결부는 세트 단위,자체 형상,설계 초안,models/pack-lidbolts.stl
lidrivnuts,하우징·체결,박스 내측 벽 팝너트 · 임시 규격,8,개,전체 팩 기준; 혼합 체결부는 세트 단위,자체 형상,임시 외형 / 규격 미확정,models/pack-lidrivnuts.stl
imdstack,센싱·제어,IMD 위 추가 PCB 2장과 층간 지지대,2,개,전체 팩 기준; 혼합 체결부는 세트 단위,자체 형상,임시 외형 / 규격 미확정,models/pack-imdstack.stl
equipmentbolts,센싱·제어,소자 고정 볼트·상부 와셔,1,세트,전체 팩 기준; 혼합 체결부는 세트 단위,자체 형상,설계 초안,models/pack-equipmentbolts.stl
captivenuts,센싱·제어,소자 바닥 캡티브 너트·와셔,1,세트,전체 팩 기준; 혼합 체결부는 세트 단위,자체 형상,설계 초안,models/pack-captivenuts.stl
packnegative,고전압 경로,팩 음극 → AIR 구리바,1,세트,전체 팩 기준; 혼합 체결부는 세트 단위,자체 형상,설계 초안,models/pack-packnegative.stl
packrings,고전압 경로,팩 양끝 링 접속부,2,개,전체 팩 기준; 혼합 체결부는 세트 단위,자체 형상,임시 외형 / 규격 미확정,models/pack-packrings.stl
packfasteners,고전압 경로,팩 양끝 접속 볼트·너트,1,세트,전체 팩 기준; 혼합 체결부는 세트 단위,자체 형상,설계 초안,models/pack-packfasteners.stl
packplugs,고전압 경로,팩 양끝 플러그,2,개,전체 팩 기준; 혼합 체결부는 세트 단위,Amphenol RL01001-95,제조사 참조 형상,models/pack-packplugs.stl
fixedshrink,고전압 경로,소자방 구리바 수축튜브,1,세트,전체 팩 기준; 혼합 체결부는 세트 단위,자체 형상,설계 초안,models/pack-fixedshrink.stl
sensingmates,센싱·제어,센싱 상대 커넥터 외형 · 가정,1,세트,전체 팩 기준; 혼합 체결부는 세트 단위,자체 형상,임시 외형 / 규격 미확정,models/pack-sensingmates.stl
deckbrackets,하우징·체결,2층 벽 고정 탭 · 각 벽 2곳,8,개,전체 팩 기준; 혼합 체결부는 세트 단위,자체 형상,설계 초안,models/pack-deckbrackets.stl
deckbolts,하우징·체결,2층 판 고정 M5 볼트,8,개,전체 팩 기준; 혼합 체결부는 세트 단위,자체 형상,설계 초안,models/pack-deckbolts.stl
equipmentmounts,센싱·제어,BMS 스페이서·소자 고정부,1,세트,전체 팩 기준; 혼합 체결부는 세트 단위,자체 형상,설계 초안,models/pack-equipmentmounts.stl
airnuts,고전압 경로,AIR M8 너트,4,개,전체 팩 기준; 혼합 체결부는 세트 단위,자체 형상,설계 초안,models/pack-airnuts.stl
airwashers,고전압 경로,AIR M8 와셔,4,개,전체 팩 기준; 혼합 체결부는 세트 단위,자체 형상,설계 초안,models/pack-airwashers.stl
panelmountbolts,고전압 경로,HV 패널 볼트,6,개,전체 팩 기준; 혼합 체결부는 세트 단위,자체 형상,설계 초안,models/pack-panelmountbolts.stl
panelmountnuts,고전압 경로,HV 패널 너트,6,개,전체 팩 기준; 혼합 체결부는 세트 단위,자체 형상,설계 초안,models/pack-panelmountnuts.stl
boxbase,하우징·체결,알루미늄 바닥 4mm,1,개,전체 팩 기준; 혼합 체결부는 세트 단위,자체 형상,설계 초안,models/pack-boxbase.stl
boxwalls,하우징·체결,알루미늄 외벽 2mm,4,개,전체 팩 기준; 혼합 체결부는 세트 단위,자체 형상,설계 초안,models/pack-boxwalls.stl
hvpanel,고전압 경로,UPCR022ALS1 외벽 HV 커넥터,1,개,전체 팩 기준; 혼합 체결부는 세트 단위,Amphenol UPCR022ALS1,제조사 참조 형상,models/pack-hvpanel.stl
mainfuse,고전압 경로,메인 퓨즈 후보 외형 · 전류 미확정,1,개,전체 팩 기준; 혼합 체결부는 세트 단위,자체 형상,임시 외형 / 규격 미확정,models/pack-mainfuse.stl
fuselinks,고전압 경로,팩+ → 퓨즈 → AIR+,1,세트,전체 팩 기준; 혼합 체결부는 세트 단위,자체 형상,설계 초안,models/pack-fuselinks.stl
fusebolts,고전압 경로,퓨즈 볼트·너트,1,세트,전체 팩 기준; 혼합 체결부는 세트 단위,자체 형상,설계 초안,models/pack-fusebolts.stl
shrinkwrap,고전압 경로,주황색 수축튜브 · 연결라인 전체,1,세트,전체 팩 기준; 혼합 체결부는 세트 단위,자체 형상,설계 초안,models/pack-shrinkwrap.stl
hvoutput,고전압 경로,AIR → HV 커넥터 구리바 ±,1,세트,전체 팩 기준; 혼합 체결부는 세트 단위,자체 형상,설계 초안,models/pack-hvoutput.stl
hvoutputbolts,고전압 경로,HV 단자 체결 볼트,1,세트,전체 팩 기준; 혼합 체결부는 세트 단위,자체 형상,설계 초안,models/pack-hvoutputbolts.stl
partitions,하우징·체결,알루미늄 격벽 4장 · 손잡이 높이,4,개,전체 팩 기준; 혼합 체결부는 세트 단위,자체 형상,설계 초안,models/pack-partitions.stl
floor2,하우징·체결,2층 바닥판 2mm · 단자 개구부,1,개,전체 팩 기준; 혼합 체결부는 세트 단위,자체 형상,설계 초안,models/pack-floor2.stl
bms,센싱·제어,Orion BMS 2 · 72셀,1,개,전체 팩 기준; 혼합 체결부는 세트 단위,Orion BMS 2 · 72-cell,제조사 참조 형상,models/pack-bms.stl
thermistor,센싱·제어,써미스터 확장모듈,1,개,전체 팩 기준; 혼합 체결부는 세트 단위,Orion Thermistor Expansion Module,제조사 참조 형상,models/pack-thermistor.stl
imd,센싱·제어,Bender IR155-3204,1,개,전체 팩 기준; 혼합 체결부는 세트 단위,Bender IR155-3204,제조사 참조 형상,models/pack-imd.stl
airs,고전압 경로,ECK250HAAPA · AIR ±,2,개,전체 팩 기준; 혼합 체결부는 세트 단위,TE ECK250HAAPA,제조사 참조 형상,models/pack-airs.stl
powerplugs,고전압 경로,세그먼트 연결 플러그,8,개,전체 팩 기준; 혼합 체결부는 세트 단위,Amphenol RL01001-95,제조사 참조 형상,models/pack-powerplugs.stl
powercables,고전압 경로,직선 연결 구리바 / AIR용 단차 구리바,4,개,전체 팩 기준; 혼합 체결부는 세트 단위,자체 형상,설계 초안,models/pack-powercables.stl
ringadapters,고전압 경로,링 접속부 · 제작 개념,8,개,전체 팩 기준; 혼합 체결부는 세트 단위,자체 형상,임시 외형 / 규격 미확정,models/pack-ringadapters.stl
hvfasteners,고전압 경로,구리바 M8 볼트·와셔·너트,1,세트,전체 팩 기준; 혼합 체결부는 세트 단위,자체 형상,설계 초안,models/pack-hvfasteners.stl
imdmounts,센싱·제어,IMD 이격 지지대,1,세트,전체 팩 기준; 혼합 체결부는 세트 단위,자체 형상,설계 초안,models/pack-imdmounts.stl
coolingInlet,필터·덕트,필터·덕트,5,개,전체 팩 기준; 혼합 체결부는 세트 단위,자체 형상,설계 초안,models/pack-coolingInlet.stl
coolingFasteners,필터·덕트,필터 체결부,5,세트,전체 팩 기준; 혼합 체결부는 세트 단위,자체 형상,설계 초안,models/pack-coolingFasteners.stl
coolingSeals,필터·덕트,필터 스페이서·씰,5,세트,전체 팩 기준; 혼합 체결부는 세트 단위,자체 형상,설계 초안,models/pack-coolingSeals.stl
fans,세그먼트,V2 세그먼트 팬,10,개,세그먼트당 2개 × 5,자체 형상,설계 초안,models/A-fans.stl; models/B-fans.stl
fanmount,세그먼트,V2 팬 덕트·받침,5,세트,세그먼트당 1세트 × 5,자체 형상,설계 초안,models/A-fanmount.stl; models/B-fanmount.stl
sensing,세그먼트,전압 V · 온도 T 커넥터 (임시),10,개,세그먼트당 2개 × 5,자체 형상,임시 외형 / 규격 미확정,models/A-sensing.stl; models/B-sensing.stl
topinserts,세그먼트,홀더 상단 인서트,20,개,세그먼트당 4개 × 5,자체 형상,설계 초안,models/A-topinserts.stl; models/B-topinserts.stl
topfasteners,세그먼트,손잡이·PCB 공용 체결 볼트,20,개,세그먼트당 4개 × 5,자체 형상,설계 초안,models/A-topfasteners.stl; models/B-topfasteners.stl
cells,세그먼트,셀,420,개,세그먼트당 84개 × 5,P45B 외형,설계 초안,models/A-cells.stl; models/B-cells.stl
holders,세그먼트,홀더 2장,10,개,세그먼트당 2개 × 5,자체 형상,설계 초안,models/A-holders.stl; models/B-holders.stl
bridges,세그먼트,직렬 니켈·구리 연결판,65,개,세그먼트당 13개 × 5,자체 형상,설계 초안,models/A-bridges.stl; models/B-bridges.stl
terminals,세그먼트,V2 일체형 ㄱ자 끝단판,10,개,세그먼트당 2개 × 5,자체 형상,설계 초안,models/A-terminals.stl; models/B-terminals.stl
pcb,세그먼트,상부 전압·온도 센싱 PCB,5,개,세그먼트당 1개 × 5,자체 형상,설계 초안,models/A-pcb.stl; models/B-pcb.stl
insulator,세그먼트,하부 평판 절연판,5,개,세그먼트당 1개 × 5,자체 형상,설계 초안,models/A-insulator.stl; models/B-insulator.stl
pins,세그먼트,RL9100-101-F1 단자,10,개,세그먼트당 2개 × 5,Amphenol RL9100-101-F1,제조사 참조 형상,models/A-pins.stl; models/B-pins.stl
hardware,세그먼트,볼트·와셔·너트,5,세트,세그먼트당 1세트 × 5,자체 형상,설계 초안,models/A-hardware.stl; models/B-hardware.stl
nickel,세그먼트,평판 니켈 용접 패치,840,개,세그먼트당 168개 × 5,자체 형상,설계 초안,models/A-nickel.stl; models/B-nickel.stl
handles,세그먼트,PCB 볼팅 U자 손잡이,10,개,세그먼트당 2개 × 5,자체 형상,설계 초안,models/A-handles.stl; models/B-handles.stl
covermounts,세그먼트,덮개 고정부,5,세트,세그먼트당 1세트 × 5,자체 형상,설계 초안,models/A-covermounts.stl; models/B-covermounts.stl
bottomcase,세그먼트,바닥 절연판,5,개,세그먼트당 1개 × 5,자체 형상,설계 초안,models/A-bottomcase.stl; models/B-bottomcase.stl
busbarcradles,세그먼트,U자 버스바 받침,10,개,세그먼트당 2개 × 5,자체 형상,설계 초안,models/A-busbarcradles.stl; models/B-busbarcradles.stl
casefasteners,세그먼트,받침 체결 볼트,5,세트,세그먼트당 1세트 × 5,자체 형상,설계 초안,models/A-casefasteners.stl; models/B-casefasteners.stl
lowerties,세그먼트,하부 횡방향 연결봉,15,개,세그먼트당 3개 × 5,자체 형상,설계 초안,models/A-lowerties.stl; models/B-lowerties.stl
covers,세그먼트,아크릴 덮개 2장,10,개,세그먼트당 2개 × 5,자체 형상,설계 초안,models/A-covers.stl; models/B-covers.stl
